file_name,alloy,card,n_labeled,n_rows,frac_labeled
AA5xxx Card - 001A.docx,AA5xxx,001A,1,1,1.0
AA5xxx Card - 001B.docx,AA5xxx,001B,1,1,1.0
AA5xxx Card - 001C.docx,AA5xxx,001C,1,1,1.0
AA5xxx Card - 001D.docx,AA5xxx,001D,1,1,1.0
AA5xxx Card - 001E.docx,AA5xxx,001E,1,1,1.0
AA5xxx Card - 001F.docx,AA5xxx,001F,1,1,1.0
AA5xxx Card - 001G.docx,AA5xxx,001G,1,1,1.0
AA5xxx Card - 002A.docx,AA5xxx,002A,1,1,1.0
AA5xxx Card - 002B.docx,AA5xxx,002B,1,1,1.0
AA5xxx Card - 002C.docx,AA5xxx,002C,1,1,1.0
AA5xxx Card - 002D.docx,AA5xxx,002D,1,1,1.0
AA5xxx Card - 002E.docx,AA5xxx,002E,1,1,1.0
AA5xxx Card - 002F.docx,AA5xxx,002F,1,1,1.0
AA5xxx Card - 002G.docx,AA5xxx,002G,1,1,1.0
AA5xxx Card - 003A.docx,AA5xxx,003A,1,1,1.0
AA5xxx Card - 003B.docx,AA5xxx,003B,1,1,1.0
AA5xxx Card - 003C.docx,AA5xxx,003C,1,1,1.0
AA5xxx Card - 003D.docx,AA5xxx,003D,1,1,1.0
AA5xxx Card - 004A.docx,AA5xxx,004A,1,1,1.0
AA5xxx Card - 004B.docx,AA5xxx,004B,1,1,1.0
AA5xxx Card - 004C.docx,AA5xxx,004C,1,1,1.0
AA5xxx Card - 004D.docx,AA5xxx,004D,1,1,1.0
AA5xxx Card - 005A.docx,AA5xxx,005A,1,1,1.0
AA5xxx Card - 005B.docx,AA5xxx,005B,1,1,1.0
AA5xxx Card - 005C.docx,AA5xxx,005C,1,1,1.0
AA5xxx Card - 005D.docx,AA5xxx,005D,1,1,1.0
AA5xxx Card - 005E.docx,AA5xxx,005E,1,1,1.0
AA5xxx Card - 006A.docx,AA5xxx,006A,1,1,1.0
AA5xxx Card - 006B.docx,AA5xxx,006B,1,1,1.0
AA5xxx Card - 006C.docx,AA5xxx,006C,1,1,1.0
AA5xxx Card - 006D.docx,AA5xxx,006D,1,1,1.0
AA5xxx Card - 006E.docx,AA5xxx,006E,1,1,1.0
AA5xxx Card - 006F.docx,AA5xxx,006F,1,1,1.0
AA5xxx Card - 007A.docx,AA5xxx,007A,1,1,1.0
AA5xxx Card - 007B.docx,AA5xxx,007B,1,1,1.0
AA5xxx Card - 007C.docx,AA5xxx,007C,1,1,1.0
AA5xxx Card - 007D.docx,AA5xxx,007D,1,1,1.0
AA5xxx Card - 007E.docx,AA5xxx,007E,1,1,1.0
AA5xxx Card - 008A.docx,AA5xxx,008A,1,1,1.0
AA5xxx Card - 008B.docx,AA5xxx,008B,1,1,1.0
AA5xxx Card - 008C.docx,AA5xxx,008C,1,1,1.0
AA5xxx Card - 008D.docx,AA5xxx,008D,1,1,1.0
AA5xxx Card - 008E.docx,AA5xxx,008E,1,1,1.0
AA5xxx Card - 008F.docx,AA5xxx,008F,1,1,1.0
AA5xxx Card - 008G.docx,AA5xxx,008G,1,1,1.0
AA5xxx Card - 008H.docx,AA5xxx,008H,1,1,1.0
AA5xxx Card - 008I.docx,AA5xxx,008I,1,1,1.0
AA5xxx Card - 008J.docx,AA5xxx,008J,1,1,1.0
AA5xxx Card - 008K.docx,AA5xxx,008K,1,1,1.0
AA5xxx Card - 008L.docx,AA5xxx,008L,1,1,1.0
AA5xxx Card - 008M.docx,AA5xxx,008M,1,1,1.0
AA5xxx Card - 008N.docx,AA5xxx,008N,1,1,1.0
AA5xxx Card - 009A.docx,AA5xxx,009A,1,1,1.0
AA5xxx Card - 009B.docx,AA5xxx,009B,1,1,1.0
AA5xxx Card - 009C.docx,AA5xxx,009C,1,1,1.0
AA5xxx Card - 009D.docx,AA5xxx,009D,1,1,1.0
AA5xxx Card - 009E.docx,AA5xxx,009E,1,1,1.0
AA5xxx Card - 010A.docx,AA5xxx,010A,1,1,1.0
AA5xxx Card - 010B.docx,AA5xxx,010B,1,1,1.0
AA5xxx Card - 010C.docx,AA5xxx,010C,1,1,1.0
AA5xxx Card - 010D.docx,AA5xxx,010D,1,1,1.0
AA5xxx Card - 010E.docx,AA5xxx,010E,1,1,1.0
AA5xxx Card - 011A.docx,AA5xxx,011A,1,1,1.0
AA5xxx Card - 011B.docx,AA5xxx,011B,1,1,1.0
AA5xxx Card - 011C.docx,AA5xxx,011C,1,1,1.0
AA5xxx Card - 011D.docx,AA5xxx,011D,1,1,1.0
AA5xxx Card - 011E.docx,AA5xxx,011E,1,1,1.0
AA5xxx Card - 012A.docx,AA5xxx,012A,1,1,1.0
AA5xxx Card - 012B.docx,AA5xxx,012B,1,1,1.0
AA5xxx Card - 012C.docx,AA5xxx,012C,1,1,1.0
AA5xxx Card - 012D.docx,AA5xxx,012D,1,1,1.0
AA5xxx Card - 012E.docx,AA5xxx,012E,1,1,1.0
AA5xxx Card - 012F.docx,AA5xxx,012F,1,1,1.0
AA5xxx Card - 012G.docx,AA5xxx,012G,1,1,1.0
AA5xxx Card - 013A.docx,AA5xxx,013A,1,1,1.0
AA5xxx Card - 013B.docx,AA5xxx,013B,1,1,1.0
AA5xxx Card - 013C.docx,AA5xxx,013C,1,1,1.0
AA5xxx Card - 013D.docx,AA5xxx,013D,1,1,1.0
AA5xxx Card - 013E.docx,AA5xxx,013E,1,1,1.0
AA5xxx Card - 013F.docx,AA5xxx,013F,1,1,1.0
AA5xxx Card - 013G.docx,AA5xxx,013G,1,1,1.0
AA5xxx Card - 013H.docx,AA5xxx,013H,1,1,1.0
AA5xxx Card - 013I.docx,AA5xxx,013I,1,1,1.0
AA5xxx Card - 013J.docx,AA5xxx,013J,1,1,1.0
AA5xxx Card - 013K.docx,AA5xxx,013K,1,1,1.0
AA5xxx Card - 013L.docx,AA5xxx,013L,1,1,1.0
AA5xxx Card - 013M.docx,AA5xxx,013M,1,1,1.0
AA5xxx Card - 013N.docx,AA5xxx,013N,1,1,1.0
AA5xxx Card - 014A.docx,AA5xxx,014A,1,1,1.0
AA5xxx Card - 014B.docx,AA5xxx,014B,1,1,1.0
AA5xxx Card - 014C.docx,AA5xxx,014C,1,1,1.0
AA5xxx Card - 014D.docx,AA5xxx,014D,1,1,1.0
AA5xxx Card - 015A.docx,AA5xxx,015A,1,1,1.0
AA5xxx Card - 015B.docx,AA5xxx,015B,1,1,1.0
AA5xxx Card - 015C.docx,AA5xxx,015C,1,1,1.0
AA5xxx Card - 015D.docx,AA5xxx,015D,1,1,1.0
AA5xxx Card - 016A.docx,AA5xxx,016A,1,1,1.0
AA5xxx Card - 017A.docx,AA5xxx,017A,1,1,1.0
AA5xxx Card - 017B.docx,AA5xxx,017B,1,1,1.0
AA5xxx Card - 017C.docx,AA5xxx,017C,1,1,1.0
AA5xxx Card - 017D.docx,AA5xxx,017D,1,1,1.0
AA5xxx Card - 018A.docx,AA5xxx,018A,1,1,1.0
AA5xxx Card - 018B.docx,AA5xxx,018B,1,1,1.0
AA5xxx Card - 018C.docx,AA5xxx,018C,1,1,1.0
AA5xxx Card - 018D.docx,AA5xxx,018D,1,1,1.0
AA5xxx Card - 018E.docx,AA5xxx,018E,1,1,1.0
AA5xxx Card - 019A.docx,AA5xxx,019A,1,1,1.0
AA5xxx Card - 019B.docx,AA5xxx,019B,1,1,1.0
AA5xxx Card - 019C.docx,AA5xxx,019C,1,1,1.0
AA5xxx Card - 019D.docx,AA5xxx,019D,1,1,1.0
AA5xxx Card - 019E.docx,AA5xxx,019E,1,1,1.0
AA5xxx Card - 020A.docx,AA5xxx,020A,1,1,1.0
AA5xxx Card - 020B.docx,AA5xxx,020B,1,1,1.0
AA5xxx Card - 020C.docx,AA5xxx,020C,1,1,1.0
AA5xxx Card - 020D.docx,AA5xxx,020D,1,1,1.0
AA5xxx Card - 020E.docx,AA5xxx,020E,1,1,1.0
AA5xxx Card - 020F.docx,AA5xxx,020F,1,1,1.0
AA5xxx Card - 020G.docx,AA5xxx,020G,1,1,1.0
AA5xxx Card - 020H.docx,AA5xxx,020H,1,1,1.0
AA5xxx Card - 020I.docx,AA5xxx,020I,1,1,1.0
AA5xxx Card - 021A.docx,AA5xxx,021A,1,1,1.0
AA5xxx Card - 021B.docx,AA5xxx,021B,1,1,1.0
AA5xxx Card - 021C.docx,AA5xxx,021C,1,1,1.0
AA5xxx Card - 021D.docx,AA5xxx,021D,1,1,1.0
AA5xxx Card - 022A.docx,AA5xxx,022A,1,1,1.0
AA5xxx Card - 022B.docx,AA5xxx,022B,1,1,1.0
AA5xxx Card - 022C.docx,AA5xxx,022C,1,1,1.0
AA5xxx Card - 022D.docx,AA5xxx,022D,1,1,1.0
AA5xxx Card - 022E.docx,AA5xxx,022E,1,1,1.0
AA5xxx Card - 022F.docx,AA5xxx,022F,1,1,1.0
AA5xxx Card - 022G.docx,AA5xxx,022G,1,1,1.0
AA5xxx Card - 022H.docx,AA5xxx,022H,1,1,1.0
AA5xxx Card - 022I.docx,AA5xxx,022I,1,1,1.0
AA5xxx Card - 022J.docx,AA5xxx,022J,1,1,1.0
AA5xxx Card - 022K.docx,AA5xxx,022K,1,1,1.0
AA5xxx Card - 022L.docx,AA5xxx,022L,1,1,1.0
AA5xxx Card - 023A.docx,AA5xxx,023A,1,1,1.0
AA5xxx Card - 023B.docx,AA5xxx,023B,1,1,1.0
AA5xxx Card - 023C.docx,AA5xxx,023C,1,1,1.0
AA5xxx Card - 023D.docx,AA5xxx,023D,1,1,1.0
AA5xxx Card - 024A.docx,AA5xxx,024A,1,1,1.0
AA5xxx Card - 025A.docx,AA5xxx,025A,1,1,1.0
AA5xxx Card - 026A.docx,AA5xxx,026A,1,1,1.0
AA5xxx Card - 026B.docx,AA5xxx,026B,1,1,1.0
AA5xxx Card - 026C.docx,AA5xxx,026C,1,1,1.0
AA5xxx Card - 026D.docx,AA5xxx,026D,1,1,1.0
AA5xxx Card - 026E.docx,AA5xxx,026E,1,1,1.0
AA5xxx Card - 026F.docx,AA5xxx,026F,1,1,1.0
AA5xxx Card - 026G.docx,AA5xxx,026G,1,1,1.0
AA5xxx Card - 026H.docx,AA5xxx,026H,1,1,1.0
AA5xxx Card - 026I.docx,AA5xxx,026I,1,1,1.0
AA5xxx Card - 026J.docx,AA5xxx,026J,1,1,1.0
AA5xxx Card - 026K.docx,AA5xxx,026K,1,1,1.0
AA5xxx Card - 026L.docx,AA5xxx,026L,1,1,1.0
AA5xxx Card - 026M.docx,AA5xxx,026M,1,1,1.0
AA5xxx Card - 026N.docx,AA5xxx,026N,1,1,1.0
AA5xxx Card - 026O.docx,AA5xxx,026O,1,1,1.0
AA5xxx Card - 026P.docx,AA5xxx,026P,1,1,1.0
AA5xxx Card - 026Q.docx,AA5xxx,026Q,1,1,1.0
AA5xxx Card - 026R.docx,AA5xxx,026R,1,1,1.0
AA5xxx Card - 026S.docx,AA5xxx,026S,1,1,1.0
AA5xxx Card - 027A.docx,AA5xxx,027A,1,1,1.0
AA5xxx Card - 027B.docx,AA5xxx,027B,1,1,1.0
AA5xxx Card - 027C.docx,AA5xxx,027C,1,1,1.0
AA5xxx Card - 027D.docx,AA5xxx,027D,1,1,1.0
AA5xxx Card - 027E.docx,AA5xxx,027E,1,1,1.0
AA5xxx Card - 027F.docx,AA5xxx,027F,1,1,1.0
AA5xxx Card - 027G.docx,AA5xxx,027G,1,1,1.0
AA5xxx Card - 027H.docx,AA5xxx,027H,1,1,1.0
AA5xxx Card - 027I.docx,AA5xxx,027I,1,1,1.0
AA5xxx Card - 027J.docx,AA5xxx,027J,1,1,1.0
AA5xxx Card - 027K.docx,AA5xxx,027K,1,1,1.0
AA5xxx Card - 027L.docx,AA5xxx,027L,1,1,1.0
AA5xxx Card - 027M.docx,AA5xxx,027M,1,1,1.0
AA5xxx Card - 027N.docx,AA5xxx,027N,1,1,1.0
AA5xxx Card - 027O.docx,AA5xxx,027O,1,1,1.0
AA5xxx Card - 027P.docx,AA5xxx,027P,1,1,1.0
AA5xxx Card - 027Q.docx,AA5xxx,027Q,1,1,1.0
AA5xxx Card - 027R.docx,AA5xxx,027R,1,1,1.0
AA5xxx Card - 027S.docx,AA5xxx,027S,1,1,1.0
AA5xxx Card - 028A.docx,AA5xxx,028A,1,1,1.0
AA5xxx Card - 028B.docx,AA5xxx,028B,1,1,1.0
AA5xxx Card - 028C.docx,AA5xxx,028C,1,1,1.0
AA5xxx Card - 028D.docx,AA5xxx,028D,1,1,1.0
AA5xxx Card - 028E.docx,AA5xxx,028E,1,1,1.0
AA5xxx Card - 028F.docx,AA5xxx,028F,1,1,1.0
AA5xxx Card - 029A.docx,AA5xxx,029A,1,1,1.0
AA5xxx Card - 029B.docx,AA5xxx,029B,1,1,1.0
AA5xxx Card - 029C.docx,AA5xxx,029C,1,1,1.0
AA5xxx Card - 029D.docx,AA5xxx,029D,1,1,1.0
AA5xxx Card - 029E.docx,AA5xxx,029E,1,1,1.0
AA5xxx Card - 030A.docx,AA5xxx,030A,1,1,1.0
AA5xxx Card - 031A.docx,AA5xxx,031A,1,1,1.0
AA5xxx Card - 031B.docx,AA5xxx,031B,1,1,1.0
AA5xxx Card - 032A.docx,AA5xxx,032A,1,1,1.0
AA5xxx Card - 032B.docx,AA5xxx,032B,1,1,1.0
AA5xxx Card - 032C.docx,AA5xxx,032C,1,1,1.0
AA5xxx Card - 032D.docx,AA5xxx,032D,1,1,1.0
AA5xxx Card - 033A.docx,AA5xxx,033A,1,1,1.0
AA5xxx Card - 033B.docx,AA5xxx,033B,1,1,1.0
AA5xxx Card - 034A.docx,AA5xxx,034A,1,1,1.0
AA5xxx Card - 034B.docx,AA5xxx,034B,1,1,1.0
AA5xxx Card - 034C.docx,AA5xxx,034C,1,1,1.0
AA5xxx Card - 034D.docx,AA5xxx,034D,1,1,1.0
AA5xxx Card - 034E.docx,AA5xxx,034E,1,1,1.0
AA5xxx Card - 034F.docx,AA5xxx,034F,1,1,1.0
AA5xxx Card - 035A.docx,AA5xxx,035A,1,1,1.0
AA5xxx Card - 035B.docx,AA5xxx,035B,1,1,1.0
AA5xxx Card - 035C.docx,AA5xxx,035C,1,1,1.0
AA5xxx Card - 035D.docx,AA5xxx,035D,1,1,1.0
AA5xxx Card - 035E.docx,AA5xxx,035E,1,1,1.0
AA5xxx Card - 035F.docx,AA5xxx,035F,1,1,1.0
AA5xxx Card - 035G.docx,AA5xxx,035G,1,1,1.0
AA5xxx Card - 035H.docx,AA5xxx,035H,1,1,1.0
AA5xxx Card - 035I.docx,AA5xxx,035I,1,1,1.0
AA5xxx Card - 035J.docx,AA5xxx,035J,1,1,1.0
AA5xxx Card - 035K.docx,AA5xxx,035K,1,1,1.0
AA5xxx Card - 035L.docx,AA5xxx,035L,1,1,1.0
AA5xxx Card - 035M.docx,AA5xxx,035M,1,1,1.0
AA5xxx Card - 035N.docx,AA5xxx,035N,1,1,1.0
AA5xxx Card - 035O.docx,AA5xxx,035O,1,1,1.0
AA5xxx Card - 035P.docx,AA5xxx,035P,1,1,1.0
AA5xxx Card - 035Q.docx,AA5xxx,035Q,1,1,1.0
AA5xxx Card - 035R.docx,AA5xxx,035R,1,1,1.0
AA5xxx Card - 035S.docx,AA5xxx,035S,1,1,1.0
AA5xxx Card - 035T.docx,AA5xxx,035T,1,1,1.0
AA5xxx Card - 035U.docx,AA5xxx,035U,1,1,1.0
AA5xxx Card - 036A.docx,AA5xxx,036A,1,1,1.0
AA5xxx Card - 036B.docx,AA5xxx,036B,1,1,1.0
AA5xxx Card - 036C.docx,AA5xxx,036C,1,1,1.0
AA5xxx Card - 036D.docx,AA5xxx,036D,1,1,1.0
AA5xxx Card - 036E.docx,AA5xxx,036E,1,1,1.0
AA5xxx Card - 036F.docx,AA5xxx,036F,1,1,1.0
AA5xxx Card - 036G.docx,AA5xxx,036G,1,1,1.0
AA5xxx Card - 036H.docx,AA5xxx,036H,1,1,1.0
AA5xxx Card - 036I.docx,AA5xxx,036I,1,1,1.0
AA5xxx Card - 036J.docx,AA5xxx,036J,1,1,1.0
AA5xxx Card - 036K.docx,AA5xxx,036K,1,1,1.0
AA5xxx Card - 036L.docx,AA5xxx,036L,1,1,1.0
AA5xxx Card - 036M.docx,AA5xxx,036M,1,1,1.0
AA5xxx Card - 036N.docx,AA5xxx,036N,1,1,1.0
AA5xxx Card - 036O.docx,AA5xxx,036O,1,1,1.0
AA5xxx Card - 036P.docx,AA5xxx,036P,1,1,1.0
AA5xxx Card - 037A.docx,AA5xxx,037A,1,1,1.0
AA5xxx Card - 037B.docx,AA5xxx,037B,1,1,1.0
AA5xxx Card - 038A.docx,AA5xxx,038A,1,1,1.0
AA5xxx Card - 038B.docx,AA5xxx,038B,1,1,1.0
AA5xxx Card - 038C.docx,AA5xxx,038C,1,1,1.0
AA5xxx Card - 039A.docx,AA5xxx,039A,1,1,1.0
AA5xxx Card - 039B.docx,AA5xxx,039B,1,1,1.0
AA5xxx Card - 039C.docx,AA5xxx,039C,1,1,1.0
AA5xxx Card - 040A.docx,AA5xxx,040A,1,1,1.0
AA5xxx Card - 040B.docx,AA5xxx,040B,1,1,1.0
AA5xxx Card - 040C.docx,AA5xxx,040C,1,1,1.0
AA5xxx Card - 040D.docx,AA5xxx,040D,1,1,1.0
AA5xxx Card - 040E.docx,AA5xxx,040E,1,1,1.0
AA5xxx Card - 040F.docx,AA5xxx,040F,1,1,1.0
AA5xxx Card - 041A.docx,AA5xxx,041A,1,1,1.0
AA5xxx Card - 041B.docx,AA5xxx,041B,1,1,1.0
AA5xxx Card - 041C.docx,AA5xxx,041C,1,1,1.0
AA5xxx Card - 041D.docx,AA5xxx,041D,1,1,1.0
AA5xxx Card - 042A.docx,AA5xxx,042A,1,1,1.0
AA5xxx Card - 042B.docx,AA5xxx,042B,1,1,1.0
AA5xxx Card - 042C.docx,AA5xxx,042C,0,1,0.0
AA5xxx Card - 042D.docx,AA5xxx,042D,0,1,0.0
AA5xxx Card - 042E.docx,AA5xxx,042E,0,1,0.0
AA5xxx Card - 042F.docx,AA5xxx,042F,1,1,1.0
AA5xxx Card - 043A.docx,AA5xxx,043A,1,1,1.0
AA5xxx Card - 043B.docx,AA5xxx,043B,1,1,1.0
AA5xxx Card - 043C.docx,AA5xxx,043C,1,1,1.0
AA5xxx Card - 043D.docx,AA5xxx,043D,1,1,1.0
AA5xxx Card - 043E.docx,AA5xxx,043E,1,1,1.0
AA5xxx Card - 043F.docx,AA5xxx,043F,1,1,1.0
AA5xxx Card - 044A.docx,AA5xxx,044A,1,1,1.0
AA5xxx Card - 044B.docx,AA5xxx,044B,1,1,1.0
AA5xxx Card - 044C.docx,AA5xxx,044C,1,1,1.0
AA5xxx Card - 044D.docx,AA5xxx,044D,1,1,1.0
AA5xxx Card - 044E.docx,AA5xxx,044E,1,1,1.0
AA5xxx Card - 045A.docx,AA5xxx,045A,1,1,1.0
AA5xxx Card - 045B.docx,AA5xxx,045B,1,1,1.0
AA5xxx Card - 045C.docx,AA5xxx,045C,0,1,0.0
AA5xxx Card - 045D.docx,AA5xxx,045D,1,1,1.0
AA5xxx Card - 045E.docx,AA5xxx,045E,1,1,1.0
AA5xxx Card - 045F.docx,AA5xxx,045F,1,1,1.0
AA5xxx Card - 046A.docx,AA5xxx,046A,1,1,1.0
AA5xxx Card - 046B.docx,AA5xxx,046B,1,1,1.0
AA5xxx Card - 046C.docx,AA5xxx,046C,1,1,1.0
AA5xxx Card - 046D.docx,AA5xxx,046D,1,1,1.0
AA5xxx Card - 047A.docx,AA5xxx,047A,1,1,1.0
AA5xxx Card - 047B.docx,AA5xxx,047B,1,1,1.0
AA5xxx Card - 047C.docx,AA5xxx,047C,1,1,1.0
AA5xxx Card - 047D.docx,AA5xxx,047D,1,1,1.0
AA5xxx Card - 047E.docx,AA5xxx,047E,1,1,1.0
AA5xxx Card - 048A.docx,AA5xxx,048A,1,1,1.0
AA5xxx Card - 049A.docx,AA5xxx,049A,1,1,1.0
AA5xxx Card - 049B.docx,AA5xxx,049B,1,1,1.0
AA5xxx Card - 050A.docx,AA5xxx,050A,1,1,1.0
AA5xxx Card - 050B.docx,AA5xxx,050B,1,1,1.0
AA5xxx Card - 050C.docx,AA5xxx,050C,1,1,1.0
AA5xxx Card - 050D.docx,AA5xxx,050D,1,1,1.0
AA5xxx Card - 050E.docx,AA5xxx,050E,1,1,1.0
AA5xxx Card - 051A.docx,AA5xxx,051A,1,1,1.0
AA5xxx Card - 051B.docx,AA5xxx,051B,1,1,1.0
AA5xxx Card - 051C.docx,AA5xxx,051C,1,1,1.0
AA5xxx Card - 051D.docx,AA5xxx,051D,1,1,1.0
AA5xxx Card - 052A.docx,AA5xxx,052A,1,1,1.0
AA5xxx Card - 052B.docx,AA5xxx,052B,1,1,1.0
AA5xxx Card - 052C.docx,AA5xxx,052C,1,1,1.0
AA5xxx Card - 052D.docx,AA5xxx,052D,1,1,1.0
AA5xxx Card - 053A.docx,AA5xxx,053A,1,1,1.0
AA5xxx Card - 053B.docx,AA5xxx,053B,1,1,1.0
AA5xxx Card - 053C.docx,AA5xxx,053C,1,1,1.0
AA5xxx Card - 053D.docx,AA5xxx,053D,1,1,1.0
AA5xxx Card - 054A.docx,AA5xxx,054A,1,1,1.0
AA5xxx Card - 054B.docx,AA5xxx,054B,1,1,1.0
AA5xxx Card - 054C.docx,AA5xxx,054C,1,1,1.0
AA5xxx Card - 054D.docx,AA5xxx,054D,1,1,1.0
AA5xxx Card - 055A.docx,AA5xxx,055A,1,1,1.0
AA5xxx Card - 055B.docx,AA5xxx,055B,1,1,1.0
AA5xxx Card - 055C.docx,AA5xxx,055C,1,1,1.0
AA5xxx Card - 055D.docx,AA5xxx,055D,1,1,1.0
AA5xxx Card - 055E.docx,AA5xxx,055E,1,1,1.0
AA5xxx Card - 055F.docx,AA5xxx,055F,1,1,1.0
AA5xxx Card - 055G.docx,AA5xxx,055G,1,1,1.0
AA5xxx Card - 055H.docx,AA5xxx,055H,1,1,1.0
AA5xxx Card - 055I.docx,AA5xxx,055I,1,1,1.0
AA5xxx Card - 055J.docx,AA5xxx,055J,1,1,1.0
AA5xxx Card - 055K.docx,AA5xxx,055K,1,1,1.0
AA5xxx Card - 055L.docx,AA5xxx,055L,1,1,1.0
AA5xxx Card - 055M.docx,AA5xxx,055M,1,1,1.0
AA5xxx Card - 055N.docx,AA5xxx,055N,1,1,1.0
AA5xxx Card - 055O.docx,AA5xxx,055O,1,1,1.0
AA5xxx Card - 055P.docx,AA5xxx,055P,1,1,1.0
