group_1,group_2,group_3,target,n_rows
AA5xxx Card - 050D.docx,AA5xxx,050D,UTS,1
AA5xxx Card - 042C.docx,AA5xxx,042C,FractureEL,1
AA5xxx Card - 042D.docx,AA5xxx,042D,FractureEL,1
AA5xxx Card - 042E.docx,AA5xxx,042E,FractureEL,1
AA5xxx Card - 045C.docx,AA5xxx,045C,FractureEL,1
AA5xxx Card - 001A.docx,AA5xxx,001A,UniformEL,1
AA5xxx Card - 001B.docx,AA5xxx,001B,UniformEL,1
AA5xxx Card - 001C.docx,AA5xxx,001C,UniformEL,1
AA5xxx Card - 001D.docx,AA5xxx,001D,UniformEL,1
AA5xxx Card - 001E.docx,AA5xxx,001E,UniformEL,1
AA5xxx Card - 001F.docx,AA5xxx,001F,UniformEL,1
AA5xxx Card - 001G.docx,AA5xxx,001G,UniformEL,1
AA5xxx Card - 004A.docx,AA5xxx,004A,UniformEL,1
AA5xxx Card - 004B.docx,AA5xxx,004B,UniformEL,1
AA5xxx Card - 004C.docx,AA5xxx,004C,UniformEL,1
AA5xxx Card - 004D.docx,AA5xxx,004D,UniformEL,1
AA5xxx Card - 005A.docx,AA5xxx,005A,UniformEL,1
AA5xxx Card - 005B.docx,AA5xxx,005B,UniformEL,1
AA5xxx Card - 005C.docx,AA5xxx,005C,UniformEL,1
AA5xxx Card - 005D.docx,AA5xxx,005D,UniformEL,1
AA5xxx Card - 005E.docx,AA5xxx,005E,UniformEL,1
AA5xxx Card - 006A.docx,AA5xxx,006A,UniformEL,1
AA5xxx Card - 006B.docx,AA5xxx,006B,UniformEL,1
AA5xxx Card - 006C.docx,AA5xxx,006C,UniformEL,1
AA5xxx Card - 006D.docx,AA5xxx,006D,UniformEL,1
AA5xxx Card - 006E.docx,AA5xxx,006E,UniformEL,1
AA5xxx Card - 006F.docx,AA5xxx,006F,UniformEL,1
AA5xxx Card - 007A.docx,AA5xxx,007A,UniformEL,1
AA5xxx Card - 007B.docx,AA5xxx,007B,UniformEL,1
AA5xxx Card - 007C.docx,AA5xxx,007C,UniformEL,1
AA5xxx Card - 007D.docx,AA5xxx,007D,UniformEL,1
AA5xxx Card - 007E.docx,AA5xxx,007E,UniformEL,1
AA5xxx Card - 008A.docx,AA5xxx,008A,UniformEL,1
AA5xxx Card - 008B.docx,AA5xxx,008B,UniformEL,1
AA5xxx Card - 008C.docx,AA5xxx,008C,UniformEL,1
AA5xxx Card - 008D.docx,AA5xxx,008D,UniformEL,1
AA5xxx Card - 008E.docx,AA5xxx,008E,UniformEL,1
AA5xxx Card - 008F.docx,AA5xxx,008F,UniformEL,1
AA5xxx Card - 008G.docx,AA5xxx,008G,UniformEL,1
AA5xxx Card - 008H.docx,AA5xxx,008H,UniformEL,1
AA5xxx Card - 008I.docx,AA5xxx,008I,UniformEL,1
AA5xxx Card - 008J.docx,AA5xxx,008J,UniformEL,1
AA5xxx Card - 008K.docx,AA5xxx,008K,UniformEL,1
AA5xxx Card - 008L.docx,AA5xxx,008L,UniformEL,1
AA5xxx Card - 008M.docx,AA5xxx,008M,UniformEL,1
AA5xxx Card - 008N.docx,AA5xxx,008N,UniformEL,1
AA5xxx Card - 009A.docx,AA5xxx,009A,UniformEL,1
AA5xxx Card - 009B.docx,AA5xxx,009B,UniformEL,1
AA5xxx Card - 009C.docx,AA5xxx,009C,UniformEL,1
AA5xxx Card - 009D.docx,AA5xxx,009D,UniformEL,1
AA5xxx Card - 009E.docx,AA5xxx,009E,UniformEL,1
AA5xxx Card - 010A.docx,AA5xxx,010A,UniformEL,1
AA5xxx Card - 010B.docx,AA5xxx,010B,UniformEL,1
AA5xxx Card - 010C.docx,AA5xxx,010C,UniformEL,1
AA5xxx Card - 010D.docx,AA5xxx,010D,UniformEL,1
AA5xxx Card - 010E.docx,AA5xxx,010E,UniformEL,1
AA5xxx Card - 011A.docx,AA5xxx,011A,UniformEL,1
AA5xxx Card - 011B.docx,AA5xxx,011B,UniformEL,1
AA5xxx Card - 011C.docx,AA5xxx,011C,UniformEL,1
AA5xxx Card - 011D.docx,AA5xxx,011D,UniformEL,1
AA5xxx Card - 011E.docx,AA5xxx,011E,UniformEL,1
AA5xxx Card - 012A.docx,AA5xxx,012A,UniformEL,1
AA5xxx Card - 012B.docx,AA5xxx,012B,UniformEL,1
AA5xxx Card - 012C.docx,AA5xxx,012C,UniformEL,1
AA5xxx Card - 012D.docx,AA5xxx,012D,UniformEL,1
AA5xxx Card - 012E.docx,AA5xxx,012E,UniformEL,1
AA5xxx Card - 012F.docx,AA5xxx,012F,UniformEL,1
AA5xxx Card - 012G.docx,AA5xxx,012G,UniformEL,1
AA5xxx Card - 013A.docx,AA5xxx,013A,UniformEL,1
AA5xxx Card - 013B.docx,AA5xxx,013B,UniformEL,1
AA5xxx Card - 013C.docx,AA5xxx,013C,UniformEL,1
AA5xxx Card - 013D.docx,AA5xxx,013D,UniformEL,1
AA5xxx Card - 013E.docx,AA5xxx,013E,UniformEL,1
AA5xxx Card - 013F.docx,AA5xxx,013F,UniformEL,1
AA5xxx Card - 013G.docx,AA5xxx,013G,UniformEL,1
AA5xxx Card - 013H.docx,AA5xxx,013H,UniformEL,1
AA5xxx Card - 013I.docx,AA5xxx,013I,UniformEL,1
AA5xxx Card - 013J.docx,AA5xxx,013J,UniformEL,1
AA5xxx Card - 013K.docx,AA5xxx,013K,UniformEL,1
AA5xxx Card - 013L.docx,AA5xxx,013L,UniformEL,1
AA5xxx Card - 013M.docx,AA5xxx,013M,UniformEL,1
AA5xxx Card - 013N.docx,AA5xxx,013N,UniformEL,1
AA5xxx Card - 014A.docx,AA5xxx,014A,UniformEL,1
AA5xxx Card - 014B.docx,AA5xxx,014B,UniformEL,1
AA5xxx Card - 014C.docx,AA5xxx,014C,UniformEL,1
AA5xxx Card - 014D.docx,AA5xxx,014D,UniformEL,1
AA5xxx Card - 015A.docx,AA5xxx,015A,UniformEL,1
AA5xxx Card - 015B.docx,AA5xxx,015B,UniformEL,1
AA5xxx Card - 015C.docx,AA5xxx,015C,UniformEL,1
AA5xxx Card - 015D.docx,AA5xxx,015D,UniformEL,1
AA5xxx Card - 016A.docx,AA5xxx,016A,UniformEL,1
AA5xxx Card - 017A.docx,AA5xxx,017A,UniformEL,1
AA5xxx Card - 017B.docx,AA5xxx,017B,UniformEL,1
AA5xxx Card - 017C.docx,AA5xxx,017C,UniformEL,1
AA5xxx Card - 017D.docx,AA5xxx,017D,UniformEL,1
AA5xxx Card - 018A.docx,AA5xxx,018A,UniformEL,1
AA5xxx Card - 018B.docx,AA5xxx,018B,UniformEL,1
AA5xxx Card - 018C.docx,AA5xxx,018C,UniformEL,1
AA5xxx Card - 018D.docx,AA5xxx,018D,UniformEL,1
AA5xxx Card - 018E.docx,AA5xxx,018E,UniformEL,1
AA5xxx Card - 019A.docx,AA5xxx,019A,UniformEL,1
AA5xxx Card - 019B.docx,AA5xxx,019B,UniformEL,1
AA5xxx Card - 019C.docx,AA5xxx,019C,UniformEL,1
AA5xxx Card - 019D.docx,AA5xxx,019D,UniformEL,1
AA5xxx Card - 019E.docx,AA5xxx,019E,UniformEL,1
AA5xxx Card - 023A.docx,AA5xxx,023A,UniformEL,1
AA5xxx Card - 023B.docx,AA5xxx,023B,UniformEL,1
AA5xxx Card - 023C.docx,AA5xxx,023C,UniformEL,1
AA5xxx Card - 023D.docx,AA5xxx,023D,UniformEL,1
AA5xxx Card - 026A.docx,AA5xxx,026A,UniformEL,1
AA5xxx Card - 026B.docx,AA5xxx,026B,UniformEL,1
AA5xxx Card - 026C.docx,AA5xxx,026C,UniformEL,1
AA5xxx Card - 026D.docx,AA5xxx,026D,UniformEL,1
AA5xxx Card - 026E.docx,AA5xxx,026E,UniformEL,1
AA5xxx Card - 026F.docx,AA5xxx,026F,UniformEL,1
AA5xxx Card - 026G.docx,AA5xxx,026G,UniformEL,1
AA5xxx Card - 026H.docx,AA5xxx,026H,UniformEL,1
AA5xxx Card - 026I.docx,AA5xxx,026I,UniformEL,1
AA5xxx Card - 026J.docx,AA5xxx,026J,UniformEL,1
AA5xxx Card - 026K.docx,AA5xxx,026K,UniformEL,1
AA5xxx Card - 026L.docx,AA5xxx,026L,UniformEL,1
AA5xxx Card - 026M.docx,AA5xxx,026M,UniformEL,1
AA5xxx Card - 026N.docx,AA5xxx,026N,UniformEL,1
AA5xxx Card - 026O.docx,AA5xxx,026O,UniformEL,1
AA5xxx Card - 026P.docx,AA5xxx,026P,UniformEL,1
AA5xxx Card - 026Q.docx,AA5xxx,026Q,UniformEL,1
AA5xxx Card - 026R.docx,AA5xxx,026R,UniformEL,1
AA5xxx Card - 026S.docx,AA5xxx,026S,UniformEL,1
AA5xxx Card - 027A.docx,AA5xxx,027A,UniformEL,1
AA5xxx Card - 027B.docx,AA5xxx,027B,UniformEL,1
AA5xxx Card - 027C.docx,AA5xxx,027C,UniformEL,1
AA5xxx Card - 027D.docx,AA5xxx,027D,UniformEL,1
AA5xxx Card - 027E.docx,AA5xxx,027E,UniformEL,1
AA5xxx Card - 027F.docx,AA5xxx,027F,UniformEL,1
AA5xxx Card - 027G.docx,AA5xxx,027G,UniformEL,1
AA5xxx Card - 027H.docx,AA5xxx,027H,UniformEL,1
AA5xxx Card - 027I.docx,AA5xxx,027I,UniformEL,1
AA5xxx Card - 027J.docx,AA5xxx,027J,UniformEL,1
AA5xxx Card - 027K.docx,AA5xxx,027K,UniformEL,1
AA5xxx Card - 027L.docx,AA5xxx,027L,UniformEL,1
AA5xxx Card - 027M.docx,AA5xxx,027M,UniformEL,1
AA5xxx Card - 027N.docx,AA5xxx,027N,UniformEL,1
AA5xxx Card - 027O.docx,AA5xxx,027O,UniformEL,1
AA5xxx Card - 027P.docx,AA5xxx,027P,UniformEL,1
AA5xxx Card - 027Q.docx,AA5xxx,027Q,UniformEL,1
AA5xxx Card - 027R.docx,AA5xxx,027R,UniformEL,1
AA5xxx Card - 027S.docx,AA5xxx,027S,UniformEL,1
AA5xxx Card - 028A.docx,AA5xxx,028A,UniformEL,1
AA5xxx Card - 028B.docx,AA5xxx,028B,UniformEL,1
AA5xxx Card - 028C.docx,AA5xxx,028C,UniformEL,1
AA5xxx Card - 028D.docx,AA5xxx,028D,UniformEL,1
AA5xxx Card - 028E.docx,AA5xxx,028E,UniformEL,1
AA5xxx Card - 028F.docx,AA5xxx,028F,UniformEL,1
AA5xxx Card - 029A.docx,AA5xxx,029A,UniformEL,1
AA5xxx Card - 029B.docx,AA5xxx,029B,UniformEL,1
AA5xxx Card - 029C.docx,AA5xxx,029C,UniformEL,1
AA5xxx Card - 029D.docx,AA5xxx,029D,UniformEL,1
AA5xxx Card - 029E.docx,AA5xxx,029E,UniformEL,1
AA5xxx Card - 030A.docx,AA5xxx,030A,UniformEL,1
AA5xxx Card - 031A.docx,AA5xxx,031A,UniformEL,1
AA5xxx Card - 031B.docx,AA5xxx,031B,UniformEL,1
AA5xxx Card - 032A.docx,AA5xxx,032A,UniformEL,1
AA5xxx Card - 032B.docx,AA5xxx,032B,UniformEL,1
AA5xxx Card - 032C.docx,AA5xxx,032C,UniformEL,1
AA5xxx Card - 032D.docx,AA5xxx,032D,UniformEL,1
AA5xxx Card - 033A.docx,AA5xxx,033A,UniformEL,1
AA5xxx Card - 033B.docx,AA5xxx,033B,UniformEL,1
AA5xxx Card - 034A.docx,AA5xxx,034A,UniformEL,1
AA5xxx Card - 034B.docx,AA5xxx,034B,UniformEL,1
AA5xxx Card - 034C.docx,AA5xxx,034C,UniformEL,1
AA5xxx Card - 034D.docx,AA5xxx,034D,UniformEL,1
AA5xxx Card - 034E.docx,AA5xxx,034E,UniformEL,1
AA5xxx Card - 034F.docx,AA5xxx,034F,UniformEL,1
AA5xxx Card - 035B.docx,AA5xxx,035B,UniformEL,1
AA5xxx Card - 035C.docx,AA5xxx,035C,UniformEL,1
AA5xxx Card - 035D.docx,AA5xxx,035D,UniformEL,1
AA5xxx Card - 035E.docx,AA5xxx,035E,UniformEL,1
AA5xxx Card - 035F.docx,AA5xxx,035F,UniformEL,1
AA5xxx Card - 035G.docx,AA5xxx,035G,UniformEL,1
AA5xxx Card - 035H.docx,AA5xxx,035H,UniformEL,1
AA5xxx Card - 035I.docx,AA5xxx,035I,UniformEL,1
AA5xxx Card - 035J.docx,AA5xxx,035J,UniformEL,1
AA5xxx Card - 035K.docx,AA5xxx,035K,UniformEL,1
AA5xxx Card - 035L.docx,AA5xxx,035L,UniformEL,1
AA5xxx Card - 035M.docx,AA5xxx,035M,UniformEL,1
AA5xxx Card - 035N.docx,AA5xxx,035N,UniformEL,1
AA5xxx Card - 035O.docx,AA5xxx,035O,UniformEL,1
AA5xxx Card - 035P.docx,AA5xxx,035P,UniformEL,1
AA5xxx Card - 035Q.docx,AA5xxx,035Q,UniformEL,1
AA5xxx Card - 035R.docx,AA5xxx,035R,UniformEL,1
AA5xxx Card - 035S.docx,AA5xxx,035S,UniformEL,1
AA5xxx Card - 035T.docx,AA5xxx,035T,UniformEL,1
AA5xxx Card - 035U.docx,AA5xxx,035U,UniformEL,1
AA5xxx Card - 036A.docx,AA5xxx,036A,UniformEL,1
AA5xxx Card - 036B.docx,AA5xxx,036B,UniformEL,1
AA5xxx Card - 036C.docx,AA5xxx,036C,UniformEL,1
AA5xxx Card - 036D.docx,AA5xxx,036D,UniformEL,1
AA5xxx Card - 036E.docx,AA5xxx,036E,UniformEL,1
AA5xxx Card - 036F.docx,AA5xxx,036F,UniformEL,1
AA5xxx Card - 036G.docx,AA5xxx,036G,UniformEL,1
AA5xxx Card - 036H.docx,AA5xxx,036H,UniformEL,1
AA5xxx Card - 036I.docx,AA5xxx,036I,UniformEL,1
AA5xxx Card - 036J.docx,AA5xxx,036J,UniformEL,1
AA5xxx Card - 036K.docx,AA5xxx,036K,UniformEL,1
AA5xxx Card - 036L.docx,AA5xxx,036L,UniformEL,1
AA5xxx Card - 036M.docx,AA5xxx,036M,UniformEL,1
AA5xxx Card - 036N.docx,AA5xxx,036N,UniformEL,1
AA5xxx Card - 036O.docx,AA5xxx,036O,UniformEL,1
AA5xxx Card - 036P.docx,AA5xxx,036P,UniformEL,1
AA5xxx Card - 037A.docx,AA5xxx,037A,UniformEL,1
AA5xxx Card - 037B.docx,AA5xxx,037B,UniformEL,1
AA5xxx Card - 038A.docx,AA5xxx,038A,UniformEL,1
AA5xxx Card - 038B.docx,AA5xxx,038B,UniformEL,1
AA5xxx Card - 038C.docx,AA5xxx,038C,UniformEL,1
AA5xxx Card - 039A.docx,AA5xxx,039A,UniformEL,1
AA5xxx Card - 039B.docx,AA5xxx,039B,UniformEL,1
AA5xxx Card - 039C.docx,AA5xxx,039C,UniformEL,1
AA5xxx Card - 040A.docx,AA5xxx,040A,UniformEL,1
AA5xxx Card - 040B.docx,AA5xxx,040B,UniformEL,1
AA5xxx Card - 040C.docx,AA5xxx,040C,UniformEL,1
AA5xxx Card - 040D.docx,AA5xxx,040D,UniformEL,1
AA5xxx Card - 040E.docx,AA5xxx,040E,UniformEL,1
AA5xxx Card - 040F.docx,AA5xxx,040F,UniformEL,1
AA5xxx Card - 042A.docx,AA5xxx,042A,UniformEL,1
AA5xxx Card - 042C.docx,AA5xxx,042C,UniformEL,1
AA5xxx Card - 042D.docx,AA5xxx,042D,UniformEL,1
AA5xxx Card - 042E.docx,AA5xxx,042E,UniformEL,1
AA5xxx Card - 042F.docx,AA5xxx,042F,UniformEL,1
AA5xxx Card - 043B.docx,AA5xxx,043B,UniformEL,1
AA5xxx Card - 043C.docx,AA5xxx,043C,UniformEL,1
AA5xxx Card - 043D.docx,AA5xxx,043D,UniformEL,1
AA5xxx Card - 043E.docx,AA5xxx,043E,UniformEL,1
AA5xxx Card - 043F.docx,AA5xxx,043F,UniformEL,1
AA5xxx Card - 044B.docx,AA5xxx,044B,UniformEL,1
AA5xxx Card - 044C.docx,AA5xxx,044C,UniformEL,1
AA5xxx Card - 044D.docx,AA5xxx,044D,UniformEL,1
AA5xxx Card - 044E.docx,AA5xxx,044E,UniformEL,1
AA5xxx Card - 045A.docx,AA5xxx,045A,UniformEL,1
AA5xxx Card - 045B.docx,AA5xxx,045B,UniformEL,1
AA5xxx Card - 045C.docx,AA5xxx,045C,UniformEL,1
AA5xxx Card - 045D.docx,AA5xxx,045D,UniformEL,1
AA5xxx Card - 045E.docx,AA5xxx,045E,UniformEL,1
AA5xxx Card - 046A.docx,AA5xxx,046A,UniformEL,1
AA5xxx Card - 046B.docx,AA5xxx,046B,UniformEL,1
AA5xxx Card - 046C.docx,AA5xxx,046C,UniformEL,1
AA5xxx Card - 046D.docx,AA5xxx,046D,UniformEL,1
AA5xxx Card - 047A.docx,AA5xxx,047A,UniformEL,1
AA5xxx Card - 047B.docx,AA5xxx,047B,UniformEL,1
AA5xxx Card - 047C.docx,AA5xxx,047C,UniformEL,1
AA5xxx Card - 047D.docx,AA5xxx,047D,UniformEL,1
AA5xxx Card - 047E.docx,AA5xxx,047E,UniformEL,1
AA5xxx Card - 048A.docx,AA5xxx,048A,UniformEL,1
AA5xxx Card - 049A.docx,AA5xxx,049A,UniformEL,1
AA5xxx Card - 049B.docx,AA5xxx,049B,UniformEL,1
AA5xxx Card - 050A.docx,AA5xxx,050A,UniformEL,1
AA5xxx Card - 050B.docx,AA5xxx,050B,UniformEL,1
AA5xxx Card - 050C.docx,AA5xxx,050C,UniformEL,1
AA5xxx Card - 050E.docx,AA5xxx,050E,UniformEL,1
AA5xxx Card - 051A.docx,AA5xxx,051A,UniformEL,1
AA5xxx Card - 051B.docx,AA5xxx,051B,UniformEL,1
AA5xxx Card - 051C.docx,AA5xxx,051C,UniformEL,1
AA5xxx Card - 051D.docx,AA5xxx,051D,UniformEL,1
AA5xxx Card - 052A.docx,AA5xxx,052A,UniformEL,1
AA5xxx Card - 052B.docx,AA5xxx,052B,UniformEL,1
AA5xxx Card - 052C.docx,AA5xxx,052C,UniformEL,1
AA5xxx Card - 052D.docx,AA5xxx,052D,UniformEL,1
AA5xxx Card - 053A.docx,AA5xxx,053A,UniformEL,1
AA5xxx Card - 053B.docx,AA5xxx,053B,UniformEL,1
AA5xxx Card - 053C.docx,AA5xxx,053C,UniformEL,1
AA5xxx Card - 053D.docx,AA5xxx,053D,UniformEL,1
AA5xxx Card - 054A.docx,AA5xxx,054A,UniformEL,1
AA5xxx Card - 054B.docx,AA5xxx,054B,UniformEL,1
AA5xxx Card - 054C.docx,AA5xxx,054C,UniformEL,1
AA5xxx Card - 054D.docx,AA5xxx,054D,UniformEL,1
AA5xxx Card - 004A.docx,AA5xxx,004A,YPE,1
AA5xxx Card - 004B.docx,AA5xxx,004B,YPE,1
AA5xxx Card - 004C.docx,AA5xxx,004C,YPE,1
AA5xxx Card - 004D.docx,AA5xxx,004D,YPE,1
AA5xxx Card - 013D.docx,AA5xxx,013D,YPE,1
AA5xxx Card - 013N.docx,AA5xxx,013N,YPE,1
AA5xxx Card - 016A.docx,AA5xxx,016A,YPE,1
AA5xxx Card - 017A.docx,AA5xxx,017A,YPE,1
AA5xxx Card - 017B.docx,AA5xxx,017B,YPE,1
AA5xxx Card - 017C.docx,AA5xxx,017C,YPE,1
AA5xxx Card - 017D.docx,AA5xxx,017D,YPE,1
AA5xxx Card - 018A.docx,AA5xxx,018A,YPE,1
AA5xxx Card - 018B.docx,AA5xxx,018B,YPE,1
AA5xxx Card - 018C.docx,AA5xxx,018C,YPE,1
AA5xxx Card - 018D.docx,AA5xxx,018D,YPE,1
AA5xxx Card - 018E.docx,AA5xxx,018E,YPE,1
AA5xxx Card - 019A.docx,AA5xxx,019A,YPE,1
AA5xxx Card - 019B.docx,AA5xxx,019B,YPE,1
AA5xxx Card - 019C.docx,AA5xxx,019C,YPE,1
AA5xxx Card - 019D.docx,AA5xxx,019D,YPE,1
AA5xxx Card - 019E.docx,AA5xxx,019E,YPE,1
AA5xxx Card - 020A.docx,AA5xxx,020A,YPE,1
AA5xxx Card - 020B.docx,AA5xxx,020B,YPE,1
AA5xxx Card - 020C.docx,AA5xxx,020C,YPE,1
AA5xxx Card - 020D.docx,AA5xxx,020D,YPE,1
AA5xxx Card - 020E.docx,AA5xxx,020E,YPE,1
AA5xxx Card - 020F.docx,AA5xxx,020F,YPE,1
AA5xxx Card - 020G.docx,AA5xxx,020G,YPE,1
AA5xxx Card - 020H.docx,AA5xxx,020H,YPE,1
AA5xxx Card - 020I.docx,AA5xxx,020I,YPE,1
AA5xxx Card - 021A.docx,AA5xxx,021A,YPE,1
AA5xxx Card - 021B.docx,AA5xxx,021B,YPE,1
AA5xxx Card - 021C.docx,AA5xxx,021C,YPE,1
AA5xxx Card - 021D.docx,AA5xxx,021D,YPE,1
AA5xxx Card - 022I.docx,AA5xxx,022I,YPE,1
AA5xxx Card - 028B.docx,AA5xxx,028B,YPE,1
AA5xxx Card - 028C.docx,AA5xxx,028C,YPE,1
AA5xxx Card - 028D.docx,AA5xxx,028D,YPE,1
AA5xxx Card - 028E.docx,AA5xxx,028E,YPE,1
AA5xxx Card - 028F.docx,AA5xxx,028F,YPE,1
AA5xxx Card - 032A.docx,AA5xxx,032A,YPE,1
AA5xxx Card - 032B.docx,AA5xxx,032B,YPE,1
AA5xxx Card - 032C.docx,AA5xxx,032C,YPE,1
AA5xxx Card - 032D.docx,AA5xxx,032D,YPE,1
AA5xxx Card - 033A.docx,AA5xxx,033A,YPE,1
AA5xxx Card - 033B.docx,AA5xxx,033B,YPE,1
AA5xxx Card - 034A.docx,AA5xxx,034A,YPE,1
AA5xxx Card - 034B.docx,AA5xxx,034B,YPE,1
AA5xxx Card - 034C.docx,AA5xxx,034C,YPE,1
AA5xxx Card - 034D.docx,AA5xxx,034D,YPE,1
AA5xxx Card - 034E.docx,AA5xxx,034E,YPE,1
AA5xxx Card - 034F.docx,AA5xxx,034F,YPE,1
AA5xxx Card - 035A.docx,AA5xxx,035A,YPE,1
AA5xxx Card - 035B.docx,AA5xxx,035B,YPE,1
AA5xxx Card - 035C.docx,AA5xxx,035C,YPE,1
AA5xxx Card - 035D.docx,AA5xxx,035D,YPE,1
AA5xxx Card - 035E.docx,AA5xxx,035E,YPE,1
AA5xxx Card - 035F.docx,AA5xxx,035F,YPE,1
AA5xxx Card - 035G.docx,AA5xxx,035G,YPE,1
AA5xxx Card - 035H.docx,AA5xxx,035H,YPE,1
AA5xxx Card - 035I.docx,AA5xxx,035I,YPE,1
AA5xxx Card - 035J.docx,AA5xxx,035J,YPE,1
AA5xxx Card - 035K.docx,AA5xxx,035K,YPE,1
AA5xxx Card - 035L.docx,AA5xxx,035L,YPE,1
AA5xxx Card - 035M.docx,AA5xxx,035M,YPE,1
AA5xxx Card - 035N.docx,AA5xxx,035N,YPE,1
AA5xxx Card - 035O.docx,AA5xxx,035O,YPE,1
AA5xxx Card - 035P.docx,AA5xxx,035P,YPE,1
AA5xxx Card - 035Q.docx,AA5xxx,035Q,YPE,1
AA5xxx Card - 035R.docx,AA5xxx,035R,YPE,1
AA5xxx Card - 035S.docx,AA5xxx,035S,YPE,1
AA5xxx Card - 035T.docx,AA5xxx,035T,YPE,1
AA5xxx Card - 035U.docx,AA5xxx,035U,YPE,1
AA5xxx Card - 036A.docx,AA5xxx,036A,YPE,1
AA5xxx Card - 036B.docx,AA5xxx,036B,YPE,1
AA5xxx Card - 036C.docx,AA5xxx,036C,YPE,1
AA5xxx Card - 036D.docx,AA5xxx,036D,YPE,1
AA5xxx Card - 036E.docx,AA5xxx,036E,YPE,1
AA5xxx Card - 036F.docx,AA5xxx,036F,YPE,1
AA5xxx Card - 036G.docx,AA5xxx,036G,YPE,1
AA5xxx Card - 036H.docx,AA5xxx,036H,YPE,1
AA5xxx Card - 036I.docx,AA5xxx,036I,YPE,1
AA5xxx Card - 036J.docx,AA5xxx,036J,YPE,1
AA5xxx Card - 036K.docx,AA5xxx,036K,YPE,1
AA5xxx Card - 036L.docx,AA5xxx,036L,YPE,1
AA5xxx Card - 036M.docx,AA5xxx,036M,YPE,1
AA5xxx Card - 036N.docx,AA5xxx,036N,YPE,1
AA5xxx Card - 036O.docx,AA5xxx,036O,YPE,1
AA5xxx Card - 036P.docx,AA5xxx,036P,YPE,1
AA5xxx Card - 038A.docx,AA5xxx,038A,YPE,1
AA5xxx Card - 038B.docx,AA5xxx,038B,YPE,1
AA5xxx Card - 038C.docx,AA5xxx,038C,YPE,1
AA5xxx Card - 041A.docx,AA5xxx,041A,YPE,1
AA5xxx Card - 041B.docx,AA5xxx,041B,YPE,1
AA5xxx Card - 041C.docx,AA5xxx,041C,YPE,1
AA5xxx Card - 041D.docx,AA5xxx,041D,YPE,1
AA5xxx Card - 042A.docx,AA5xxx,042A,YPE,1
AA5xxx Card - 042B.docx,AA5xxx,042B,YPE,1
AA5xxx Card - 042C.docx,AA5xxx,042C,YPE,1
AA5xxx Card - 042D.docx,AA5xxx,042D,YPE,1
AA5xxx Card - 042E.docx,AA5xxx,042E,YPE,1
AA5xxx Card - 042F.docx,AA5xxx,042F,YPE,1
AA5xxx Card - 043A.docx,AA5xxx,043A,YPE,1
AA5xxx Card - 043B.docx,AA5xxx,043B,YPE,1
AA5xxx Card - 043C.docx,AA5xxx,043C,YPE,1
AA5xxx Card - 043D.docx,AA5xxx,043D,YPE,1
AA5xxx Card - 043E.docx,AA5xxx,043E,YPE,1
AA5xxx Card - 043F.docx,AA5xxx,043F,YPE,1
AA5xxx Card - 044A.docx,AA5xxx,044A,YPE,1
AA5xxx Card - 044B.docx,AA5xxx,044B,YPE,1
AA5xxx Card - 044C.docx,AA5xxx,044C,YPE,1
AA5xxx Card - 044D.docx,AA5xxx,044D,YPE,1
AA5xxx Card - 044E.docx,AA5xxx,044E,YPE,1
AA5xxx Card - 045A.docx,AA5xxx,045A,YPE,1
AA5xxx Card - 045B.docx,AA5xxx,045B,YPE,1
AA5xxx Card - 045C.docx,AA5xxx,045C,YPE,1
AA5xxx Card - 045D.docx,AA5xxx,045D,YPE,1
AA5xxx Card - 045E.docx,AA5xxx,045E,YPE,1
AA5xxx Card - 045F.docx,AA5xxx,045F,YPE,1
AA5xxx Card - 046A.docx,AA5xxx,046A,YPE,1
AA5xxx Card - 046B.docx,AA5xxx,046B,YPE,1
AA5xxx Card - 046C.docx,AA5xxx,046C,YPE,1
AA5xxx Card - 046D.docx,AA5xxx,046D,YPE,1
